Date,Leaf,Obs,HHMMSS,FTime,EBal?,Photo,Cond,Ci,FCnt,DCnt,Fo,Fm,Fo',Fm',Fs,Fv/Fm,Fv'/Fm',PhiPS2,Adark,RedAbs,BlueAbs,%Blue,LeafAbs,PhiCO2,qP,qN,NPQ,ParIn@Fs,PS2/1,ETR,Trmmol,VpdL,CTleaf,Area,BLC_1,StmRat,BLCond,Tair,Tleaf,TBlk,CO2R,CO2S,H2OR,H2OS,RH_R,RH_S,Flow,PARi,PARo,Press,CsMch,HsMch,StableF,BLCslope,BLCoffst,f_parin,f_parout,alphaK,Status,fda,Trans,Tair_K,Twall_K,R(W/m2),Tl-Ta,SVTleaf,h2o_i,h20diff,CTair,SVTair,CndTotal,vp_kPa,VpdA,CndCO2,Ci_Pa,Ci/Ca,RHsfc,C2sfc,AHs/Cs,Fv,PARabs,Fv',qP_Fo,qN_Fo
20150710,22,1,13:05:36,646.500025,0,32.33587023,0.625349401,279.6492583,1,1,0,0,634.4868164,1473.751099,1018.78302,#DIV/0!,0.569474915,0.308714327,-1,0.87,0.92,9.892219543,0.87494611,0.019048295,0.542103469,2.322745029,-1,2000.204468,0.5,270.1360137,10.47832855,1.718504159,26.96666145,2,4.644859791,1,9.289719582,26.26330566,26.96666145,25.08744812,400.640625,376.4533997,11.90613461,18.76070213,34.32510757,54.08666992,299.9969788,2000.204468,1399.317871,98.80511475,-2.676786423,-0.435557902,0.25,-1.355140209,7.355140209,1,0,0.159999996,111115,1.499984894,0.010478329,300.1166615,299.4133057,320.0327077,-0.599957188,3.572157486,36.15356852,17.39286639,26.61498356,3.499018654,0.585908236,1.853653327,1.645365327,0.369543072,27.63077705,0.742852259,53.65337619,371.7542885,0.046668691,0,1750.071118,839.2642822,0.308714327,#DIV/0!
20150710,22,2,13:08:05,795.0000251,0,17.87686472,0.504084143,169.5445592,2,2,0,0,593.8510742,1191.18457,856.3581543,#DIV/0!,0.501461747,0.281086932,-1,0.87,0.92,9.892219543,0.87494611,0.010785651,0.560535142,2.005864133,-1,2000.33252,0.5,245.9768067,9.20126333,1.848743785,27.38636971,2,4.644859791,1,9.289719582,26.25546837,27.38636971,25.08252525,248.4666748,235.1069946,12.32202721,18.34349251,35.54083252,52.90874863,300.0093689,2000.33252,1375.374023,98.80587006,-2.305524826,-0.409843028,0.25,-1.355140209,7.355140209,1,0,0.159999996,111115,1.500046844,0.009201263,300.5363697,299.4054684,320.053196,-0.39480654,3.661188522,37.05436246,18.71086995,26.82091904,3.541686933,0.478139083,1.812444737,1.729242195,0.301064433,16.75199768,0.721137878,50.73878962,232.5090941,0.039011398,0,1750.183156,597.3334961,0.281086932,#DIV/0!
20150710,22,3,13:11:47,1017.500025,0,3.95599931,0.222946032,112.6862062,3,3,0,0,690.2954102,1202.531616,1012.530579,#DIV/0!,0.425964855,0.158000867,-1,0.87,0.92,9.892219543,0.87494611,0.002834872,0.370924654,1.742053617,-1,1998.096924,0.5,138.1107009,5.619831254,2.476273864,29.36623573,2,4.644859791,1,9.289719582,26.32727051,29.36623573,25.08133125,150.1928101,147.0048065,12.82807159,16.51265526,36.84332657,47.42576599,300.0085449,1998.096924,1344.016479,98.80431366,-2.227430344,-0.361117899,0.75,-1.355140209,7.355140209,1,0,0.159999996,111115,1.500042725,0.005619831,302.5162357,299.4772705,319.6955007,0.144204375,4.107795433,41.57506167,25.06240641,27.84675312,3.761069299,0.2177209,1.631521569,2.12954773,0.136535555,11.13388326,0.766547767,39.369573,146.4299131,0.010636215,0,1748.22713,512.2362061,0.158000867,#DIV/0!
20150710,22,4,13:14:33,1183.000025,0,0.213293041,0.218053314,70.42352327,4,4,0,0,690.215332,1166.665161,971.6865845,#DIV/0!,0.408386095,0.16712471,-1,0.87,0.92,9.892219543,0.87494611,0.000693805,0.409232126,1.690291576,-1,1998.695801,0.5,146.1297615,5.494032518,2.473260547,29.45585632,2,4.644859791,1,9.289719582,26.33209229,29.45585632,25.07573509,75.42735291,75.01042938,13.15772343,16.7589283,37.778759,48.11861801,300.0083923,1998.695801,1319.020386,98.80273438,-2.105443954,-0.355529368,0.75,-1.355140209,7.355140209,1,0,0.159999996,111115,1.500041962,0.005494033,302.6058563,299.4820923,319.791321,0.162666361,4.129088488,41.79123699,25.03230869,27.8939743,3.771447173,0.213052433,1.655827941,2.115619232,0.133598216,6.958036664,0.938849755,39.71027442,74.97943323,0.001129633,0,1748.751116,476.4498291,0.16712471,#DIV/0!
20150710,23,5,13:19:54,1503.500026,0,24.02342244,0.448999142,281.969132,5,5,0,0,717.5087891,1553.969971,1204.440552,#DIV/0!,0.53827371,0.224926752,-1,0.87,0.92,9.892219543,0.87494611,0.014288734,0.417866874,2.165785276,-1,2001.573975,0.5,196.9536652,8.599530758,1.926276193,28.14318466,2,4.644859791,1,9.289719582,26.29527664,28.14318466,25.07608414,399.9125977,381.7088013,13.61139774,19.23409843,39.16584396,55.34477615,300.0026855,2001.573975,1353.06604,98.80136871,-2.535009384,-0.413316309,0.75,-1.355140209,7.355140209,1,0,0.159999996,111115,1.500013428,0.008599531,301.2931847,299.4452766,320.2518288,-0.321585113,3.826631444,38.73055094,19.49645251,27.21923065,3.625504618,0.428298244,1.900355251,1.725149367,0.269472338,27.85893617,0.738702202,50.54894426,378.2176711,0.032107401,0,1751.269363,836.4611816,0.224926752,#DIV/0!
20150710,23,6,13:21:44,1614.000025,0,14.90110882,0.428765186,174.0046117,6,6,0,0,675.4223633,1286.218872,1033.397217,#DIV/0!,0.474877583,0.196561923,-1,0.87,0.92,9.892219543,0.87494611,0.009086813,0.413921251,1.904317864,-1,2000.020752,0.5,171.9828746,8.414862821,1.969143715,28.36898613,2,4.644859791,1,9.289719582,26.3099556,28.36898613,25.07384682,249.8140869,238.5410309,13.81066227,19.31261444,39.70442581,55.52204895,299.9789734,2000.020752,1365.207153,98.80046844,-2.263845444,-0.414619029,0.75,-1.355140209,7.355140209,1,0,0.159999996,111115,1.499894867,0.008414863,301.5189861,299.4599556,320.0033132,-0.299995545,3.877239068,39.24312434,19.9305099,27.33947086,3.651144895,0.4098487,1.908095354,1.743049542,0.257790353,17.19173714,0.729453591,49.98918306,236.375573,0.031513166,0,1749.910376,610.7965088,0.196561923,#DIV/0!
20150710,23,7,13:23:21,1711.500025,0,6.991236364,0.388559101,110.3125097,7,7,0,0,678.2478027,1230.03418,1024.775635,#DIV/0!,0.448594345,0.166872229,-1,0.87,0.92,9.892219543,0.87494611,0.004564085,0.371989149,1.81354687,-1,2001.146973,0.5,146.0879387,7.887547636,2.028065892,28.54116631,2,4.644859791,1,9.289719582,26.27833748,28.54116631,25.07715797,149.8368988,144.416748,13.95337009,19.11117554,40.18883514,55.04447174,300.0038452,2001.146973,1383.773438,98.79843903,-2.051717758,-0.403407633,0.5,-1.355140209,7.355140209,1,0,0.159999996,111115,1.500019226,0.007887548,301.6911663,299.4283375,320.1835085,-0.216032148,3.916220203,39.63848256,20.52730703,27.40975189,3.666204939,0.372959408,1.888154311,1.778050628,0.234452705,10.89870377,0.763848454,48.78845369,143.4007681,0.023785899,0,1750.895759,551.786377,0.166872229,#DIV/0!
20150710,23,8,13:25:15,1825.500025,0,0.938125126,0.366687819,67.75398877,8,8,0,0,693.5441895,1187.681152,1022.632874,#DIV/0!,0.416051869,0.138966825,-1,0.87,0.92,9.892219543,0.87494611,0.001107905,0.334013221,1.712480863,-1,1999.392822,0.5,121.55157,7.573827173,2.058562245,28.66929817,2,4.644859791,1,9.289719582,26.32845879,28.66929817,25.07479477,75.41532135,74.41429138,14.14643574,19.09862328,40.62395477,54.84502411,300.0361938,1999.392822,1393.139282,98.79707336,-1.944799423,-0.404006541,0.75,-1.355140209,7.355140209,1,0,0.159999996,111115,1.500180969,0.007573827,301.8192982,299.4784588,319.9028444,-0.16566963,3.94545033,39.93489073,20.83626746,27.49887848,3.685381216,0.352763391,1.886888085,1.798493131,0.221687242,6.693895799,0.910496996,48.27906035,74.27796123,0.006097609,0,1749.360972,494.1369629,0.138966825,#DIV/0!
20150710,24,9,13:30:05,2114.500025,0,35.9688331,0.689275326,276.6504856,9,9,0,0,672.9255371,1816.108032,1199.822998,#DIV/0!,0.629468333,0.339343818,-1,0.87,0.92,9.914705276,0.874957353,0.021142613,0.539095933,2.698824658,-1,1998.435791,0.5,296.6791532,10.10228377,1.510674027,27.10179901,2,4.644859791,1,9.289719582,25.96801186,27.10179901,24.46937561,400.0487366,373.5567627,14.56194401,21.15356255,42.71827316,62.05515289,300.0350952,1998.435791,1284.192749,98.79853821,-2.342382431,-0.454829752,0.5,-1.355140209,7.355140209,1,0,0.159999996,111115,1.500175476,0.010102284,300.251799,299.1180119,319.7497194,-0.554734146,3.600615084,36.44401172,15.29044917,26.53490543,3.48254867,0.641665273,2.089941057,1.392607612,0.40506274,27.33266357,0.740584867,59.78383506,368.3297024,0.058381248,0,1748.546089,1143.182495,0.339343818,#DIV/0!
20150710,24,10,13:31:45,2215.500025,0,22.46261419,0.651213998,168.9204355,10,10,0,0,595.8798828,1253.610474,837.9772949,#DIV/0!,0.52466903,0.331548904,-1,0.87,0.92,9.892219543,0.87494611,0.013403715,0.631920097,2.103797275,-1,2000.644409,0.5,290.1808913,9.926361196,1.564607426,27.36119843,2,4.644859791,1,9.289719582,25.91877937,27.36119843,24.48005867,249.1278992,232.6129303,14.68929005,21.16700935,43.21593094,62.27339172,299.9898376,2000.644409,1242.775635,98.79466248,-2.078878403,-0.444682658,0.75,-1.355140209,7.355140209,1,0,0.159999996,111115,1.499949188,0.009926361,300.5111984,299.0687794,320.1030983,-0.536641545,3.65579497,37.00397247,15.83696311,26.6399889,3.504175516,0.608554054,2.091187545,1.412987971,0.383961986,16.68843741,0.726186783,58.8075145,229.3486198,0.057596619,0,1750.456043,657.7305908,0.331548904,#DIV/0!
20150710,24,11,13:33:23,2312.500025,0,11.04218764,0.573523546,105.5523616,11,11,0,0,568.3666992,1060.992798,755.470459,#DIV/0!,0.464306732,0.287958919,-1,0.87,0.92,9.892219543,0.87494611,0.00687949,0.620191134,1.866739905,-1,2000.63501,0.5,252.0285306,9.452711571,1.677992414,27.7696991,2,4.644859791,1,9.289719582,25.91504097,27.7696991,24.4791317,149.6667938,141.414505,14.74443722,20.91419601,43.38746262,61.54279709,300.0122375,2000.63501,1264.523193,98.79395294,-1.966711044,-0.436492503,0.5,-1.355140209,7.355140209,1,0,0.159999996,111115,1.500061188,0.009452712,300.9196991,299.065041,320.1015944,-0.472438647,3.744188511,37.89896446,16.98476845,26.84237003,3.546157429,0.54017455,2.066196097,1.479961332,0.340454858,10.42793505,0.746404067,56.51116134,139.809833,0.044632544,0,1750.447819,492.6260986,0.287958919,#DIV/0!
20150710,24,12,13:35:47,2457.500025,0,1.812554183,0.477185611,65.62500871,12,12,0,0,568.3969727,975.4954224,740.7759399,#DIV/0!,0.417324818,0.240615668,-1,0.87,0.92,10.07553864,0.875037769,0.00160603,0.576566879,1.716222058,-1,2001.338623,0.5,210.6887192,8.379027496,1.770517114,27.89163017,2,4.644859791,1,9.289719582,25.78814888,27.89163017,24.4824543,75.63943481,74.01769257,14.77650166,20.24909973,43.8082695,60.03302002,300.0169067,2001.338623,850.2846069,98.7902832,-1.836538315,-0.426766932,0.75,-1.355140209,7.355140209,1,0,0.159999996,111115,1.500084534,0.008379027,301.0416302,298.9381489,320.2141725,-0.294498097,3.770931411,38.17107603,17.9219763,26.83988953,3.545640227,0.453871561,2.000414297,1.54522593,0.285676101,6.483113196,0.886612463,53.99851266,73.75428869,0.013270446,0,1751.246884,407.0984497,0.240615668,#DIV/0!
20150710,25,14,13:49:23,3273.000025,0,12.89836826,0.141551864,229.7470995,14,14,0,0,448.0512695,709.6079712,602.7598877,#DIV/0!,0.368593241,0.150573398,-1,0.87,0.92,9.892219543,0.87494611,0.007937594,0.4085083,1.583765117,-1,2001.214478,0.5,131.8236087,3.75079774,2.577701074,29.98195457,2,4.644859791,1,9.289719582,25.54906273,29.98195457,24.09539604,400.3448792,390.7685242,14.53124046,16.98937035,43.69519424,51.08675385,299.9901733,2001.214478,1166.275146,98.78733826,-2.852773666,-0.357816279,0.5,-1.355140209,7.355140209,1,0,0.159999996,111115,1.499950867,0.003750798,303.1319546,298.6990627,320.1943092,0.409699559,4.256035749,43.0828062,26.09343585,27.76550865,3.743272378,0.139427344,1.678334675,2.064937703,0.087330506,22.69610444,0.587936554,38.49589984,388.8941084,0.012767853,0,1750.954822,261.5567017,0.150573398,#DIV/0!
20150710,25,15,13:51:31,3401.000025,0,6.664235555,0.132362752,154.3458089,15,15,0,0,443.3063965,657.0881348,572.5515137,#DIV/0!,0.325347129,0.128653398,-1,0.87,0.92,10.17881393,0.875089407,0.004383599,0.395434249,1.482243748,-1,1997.954712,0.5,112.4680929,3.582535002,2.630211991,30.10064507,2,4.644859791,1,9.289719582,25.540905,30.10064507,24.09748459,249.6577606,244.6302032,14.40470982,16.75327301,43.33356476,50.39873123,299.9719849,1997.954712,692.6966553,98.78245544,-2.467290878,-0.354342997,0.75,-1.355140209,7.355140209,1,0,0.159999996,111115,1.499859924,0.003582535,303.2506451,298.690905,319.6727468,0.431129676,4.285141436,43.37958008,26.62630707,27.82077503,3.755370685,0.130503301,1.654929445,2.10044124,0.08172961,15.24665799,0.630935211,37.60650552,243.6617437,0.010285513,0,1748.389004,213.7817383,0.128653398,#DIV/0!
20150710,25,16,13:53:20,3509.500025,0,2.741427945,0.13144993,108.060508,16,16,0,0,442.2121582,630.9179077,566.5808105,#DIV/0!,0.299097152,0.101973801,-1,0.87,0.92,9.892219543,0.87494611,0.002136935,0.340938723,1.426731256,-1,2001.081421,0.5,89.26982352,3.597246518,2.658777134,30.1857872,2,4.644859791,1,9.289719582,25.5546875,30.1857872,24.09579086,149.6774445,147.4958954,14.31894779,16.67734528,43.03826523,50.12686539,299.9709778,2001.081421,1300.559937,98.77770233,-2.198156357,-0.353982508,0.75,-1.355140209,7.355140209,1,0,0.159999996,111115,1.499854889,0.003597247,303.3357872,298.7046875,320.1730202,0.427069474,4.306126981,43.59411972,26.91677445,27.87023735,3.766227347,0.12961586,1.647349847,2.118877499,0.081172719,10.67396869,0.732634001,37.22569251,147.0975058,0.006937681,0,1750.838405,188.7057495,0.101973801,#DIV/0!
20150710,25,17,13:56:29,3698.000025,0,-0.181343823,0.142717558,74.23363241,17,17,0,0,439.451416,623.2853394,562.7310181,#DIV/0!,0.294943442,0.09715345,-1,0.87,0.92,9.892219543,0.87494611,0.000468154,0.329396883,1.418325932,-1,1998.625854,0.5,84.9456295,3.900861949,2.65802517,30.27080727,2,4.644859791,1,9.289719582,25.65844536,30.27080727,24.0984993,75.56624603,75.49082184,14.34204769,16.89869499,42.84132385,50.47831726,299.9977722,1998.625854,1061.498291,98.7736969,-2.139341354,-0.358863413,0.75,-1.355140209,7.355140209,1,0,0.159999996,111115,1.499988861,0.003900862,303.4208073,298.8084454,319.7801296,0.372770045,4.327171747,43.80894796,26.91025297,27.96462631,3.787021132,0.140558169,1.669146577,2.117874555,0.088040344,7.332330307,0.98334646,37.6092292,75.51717507,-0.000903132,0,1748.689916,183.8339233,0.09715345,#DIV/0!
20150710,26,18,14:00:54,3964.500025,0,19.21182908,0.295385048,267.0957241,18,18,0,0,501.2932129,969.3097534,765.0967407,#DIV/0!,0.482834861,0.210678797,-1,0.87,0.92,9.869835854,0.874934918,0.011537656,0.43633717,1.933618346,-1,2002.222168,0.5,184.5350423,6.650937848,2.226076335,29.21800613,2,4.644859791,1,9.289719582,25.75317192,29.21800613,24.09328651,400.5975647,386.0788269,14.34467602,18.69543839,42.61129379,55.53536606,300.0207825,2002.222168,751.6984863,98.77870178,-2.596708298,-0.395045817,0.25,-1.355140209,7.355140209,1,0,0.159999996,111115,1.500103912,0.006650938,302.3680061,298.9031719,320.3555397,-0.053944847,4.072787468,41.23143345,22.53599506,27.48558903,3.682516347,0.28628214,1.846711133,1.835805214,0.179722501,26.38336888,0.691816555,45.39078331,383.2869268,0.022751623,0,1751.814088,468.0165405,0.210678797,#DIV/0!
20150710,26,19,14:03:22,4112.500025,0,10.64622582,0.283681061,171.4318824,19,19,0,0,476.4550781,800.8847656,663.9942627,#DIV/0!,0.405089098,0.170924094,-1,0.87,0.92,9.869835854,0.874934918,0.006648354,0.421941974,1.680923979,-1,2002.143921,0.5,149.7077671,6.424372506,2.236307981,29.20552635,2,4.644859791,1,9.289719582,25.70355415,29.20552635,24.0969162,248.8388672,240.7101898,14.3594389,18.56298065,42.7788887,55.30185699,299.9906921,2002.143921,1353.30603,98.77422333,-2.335599899,-0.398433268,0.5,-1.355140209,7.355140209,1,0,0.159999996,111115,1.499953461,0.006424373,302.3555264,298.8535542,320.3430202,-0.015818041,4.069851977,41.20358369,22.64060304,27.45454025,3.675830589,0.275274963,1.833543997,1.842286593,0.172782843,16.93305104,0.712192045,45.03763889,239.1630597,0.020048283,0,1751.745627,324.4296875,0.170924094,#DIV/0!
20150710,26,20,14:05:34,4244.500025,0,4.627251952,0.272347474,113.272541,20,20,0,0,470.0219727,747.5671387,640.1954346,#DIV/0!,0.371264535,0.143628175,-1,0.87,0.92,9.892219543,0.87494611,0.003218398,0.386862094,1.590494024,-1,1998.367554,0.5,125.5643411,6.269227667,2.270042117,29.33012009,2,4.644859791,1,9.289719582,25.68540001,29.33012009,24.09257889,149.7294006,146.0344543,14.41787434,18.51969337,42.99763107,55.23026276,300.0192566,1998.367554,1373.198486,98.77051544,-2.154584885,-0.39264065,0.5,-1.355140209,7.355140209,1,0,0.159999996,111115,1.500096283,0.006269228,302.4801201,298.8354,319.7388014,0.002309868,4.099241777,41.5026869,22.98299352,27.50776005,3.687296942,0.264590454,1.82919966,1.858097282,0.166048887,11.18798726,0.775656276,44.53557995,145.3620132,0.014176836,0,1748.463917,277.545166,0.143628175,#DIV/0!
20150710,26,21,14:08:26,4416.000025,0,0.043730858,0.260629656,72.34804077,21,21,0,0,466.7600098,726.5067749,631.8232422,#DIV/0!,0.357528345,0.130327116,-1,0.87,0.92,9.869835854,0.874934918,0.000596219,0.364522471,1.556488902,-1,2000.81604,0.5,114.0742701,6.156795964,2.32598594,29.56114006,2,4.644859791,1,9.289719582,25.74700737,29.56114006,24.09261894,75.82276917,75.48382568,14.48235035,18.51047516,43.03125763,54.99998474,300.0319519,2000.81604,1428.291992,98.76785278,-2.08848381,-0.387013972,1,-1.355140209,7.355140209,1,0,0.159999996,111115,1.50015976,0.006156796,302.7111401,298.8970074,320.1305593,0.015474561,4.154225826,42.06050561,23.55003045,27.65407372,3.71898165,0.253517056,1.828239885,1.890741764,0.159072192,7.14566064,0.958457525,43.83620552,75.47747063,0.000253982,0,1750.583818,259.7467651,0.130327116,#DIV/0!
20150710,27,22,14:13:16,4705.500025,0,20.92797077,0.238671113,229.1229428,22,22,0,0,531.7980957,1112.585449,851.5662842,#DIV/0!,0.522015953,0.234605949,-1,0.87,0.92,9.869835854,0.874934918,0.012523373,0.449422949,2.092120032,-1,2001.250122,0.5,205.3932398,5.754423737,2.36845894,29.65319443,2,4.644859791,1,9.289719582,25.84216499,29.65319443,24.09183311,400.0313721,384.6040344,14.53839874,18.30443764,42.9540329,54.08088303,300.0018005,2001.250122,1479.323853,98.76593018,-2.577772141,-0.381208003,0.5,-1.355140209,7.355140209,1,0,0.159999996,111115,1.500009003,0.005754424,302.8031944,298.992165,320.2000124,0.086507111,4.176313749,42.28496347,23.98052583,27.74767971,3.739376725,0.232692779,1.80785481,1.931521916,0.145958541,22.62954057,0.595737232,42.98146936,381.5627413,0.023574496,0,1750.963611,580.7873535,0.234605949,#DIV/0!
20150710,27,23,14:15:20,4830.500025,0,11.74619119,0.236551298,151.9070134,23,23,0,0,507.9836426,911.0773315,729.0861816,#DIV/0!,0.442436306,0.19975379,-1,0.87,0.92,9.892219543,0.87494611,0.007287703,0.451485982,1.793517065,-1,1998.980103,0.5,174.6846757,5.578263129,2.317057943,29.35741615,2,4.644859791,1,9.289719582,25.63831329,29.35741615,24.08863449,249.3816071,240.6561737,14.4589119,18.11026955,43.23788834,54.1568985,300.0111084,1998.980103,649.2515869,98.76425171,-2.22987175,-0.377292216,0.5,-1.355140209,7.355140209,1,0,0.159999996,111115,1.500055542,0.005578263,302.5074162,298.7883133,319.8368093,0.120800441,4.105705163,41.5707616,23.46049206,27.49786472,3.685162608,0.230677382,1.78864722,1.896515388,0.144689837,15.00298251,0.631220097,43.27354032,238.9491945,0.021272274,0,1748.999864,403.093689,0.19975379,#DIV/0!
20150710,27,24,14:16:52,4922.500025,0,5.531073336,0.234438689,102.5878154,24,24,0,0,502.3347168,839.7645874,703.8116455,#DIV/0!,0.401814837,0.161894112,-1,0.87,0.92,10.07553864,0.875037769,0.003731713,0.402907252,1.671723174,-1,2000.089966,0.5,141.6698348,5.446283307,2.28290818,29.12821579,2,4.644859791,1,9.289719582,25.49544144,29.12821579,24.09319878,150.0864105,145.8693848,14.34414482,17.90998268,43.25844193,54.01213837,299.9990845,2000.089966,590.2582397,98.76055908,-2.082685471,-0.381194651,0.5,-1.355140209,7.355140209,1,0,0.159999996,111115,1.499995422,0.005446283,302.2782158,298.6454414,320.0143874,0.149091694,4.051708083,41.02556851,23.11558583,27.31182861,3.645236436,0.228667943,1.768799903,1.876436534,0.143424963,10.13163001,0.703285447,43.37394095,145.0655985,0.016537653,0,1750.154262,337.4298706,0.161894112,#DIV/0!
20150710,27,25,14:18:39,5028.500025,0,0.766231171,0.235386048,66.92617479,25,25,0,0,501.3461914,801.9418945,696.0722046,#DIV/0!,0.374834767,0.132016659,-1,0.87,0.92,9.892219543,0.87494611,0.001008686,0.352199612,1.599577115,-1,2001.290894,0.5,115.5820165,5.403633941,2.256980905,28.93566322,2,4.644859791,1,9.289719582,25.38874245,28.93566322,24.09402084,75.6896286,74.90885162,14.17828846,17.71735191,43.03189087,53.77314377,299.9604797,2001.290894,590.6686401,98.76439667,-2.021627426,-0.387561381,0.75,-1.355140209,7.355140209,1,0,0.159999996,111115,1.499802399,0.005403634,302.0856632,298.5387424,320.2065358,0.161627962,4.006824477,40.56952315,22.85217124,27.16220284,3.61339893,0.229569148,1.749843572,1.863555358,0.143992232,6.609923274,0.893434799,43.41448144,74.79750143,0.004447412,0,1751.021682,300.5957031,0.132016659,#DIV/0!
20150710,28,26,14:25:14,5424.000025,0,14.96495942,0.154660724,221.2014163,26,26,0,0,687.3356934,1403.521606,1154.393555,#DIV/0!,0.510277797,0.177502114,-1,0.87,0.92,9.914705276,0.874957353,0.009130613,0.347853884,2.041973987,-1,1998.393433,0.5,155.1820241,3.854702319,2.431433451,28.95872307,2,4.644859791,1,9.289719582,25.25889969,28.95872307,24.09655762,401.5765686,390.5967102,13.47827721,16.00682068,41.22024918,48.95322037,300.014679,1998.393433,1145.863037,98.75435638,-2.883291245,-0.362659037,0.5,-1.355140209,7.355140209,1,0,0.159999996,111115,1.500073395,0.003854702,302.1087231,298.4088997,319.7429421,0.425294445,4.012176725,40.62784541,24.62102473,27.10881138,3.602097151,0.152128007,1.580743274,2.021353877,0.095304355,21.8446035,0.566316639,38.65389197,388.4219734,0.01489241,0,1748.509027,716.1859131,0.177502114,#DIV/0!
20150710,28,27,14:27:27,5557.000025,0,7.705919765,0.137279569,145.0433475,27,27,0,0,612.2766113,1001.031494,838.411499,#DIV/0!,0.388354298,0.162452426,-1,0.87,0.92,9.892219543,0.87494611,0.004975653,0.418309846,1.63493342,-1,1999.784668,0.5,142.1218152,3.588352698,2.544382866,29.35531998,2,4.644859791,1,9.289719582,25.38915253,29.35531998,24.10104561,249.9571075,244.2359467,13.45061302,15.80487919,40.81886292,47.96340179,300.0203857,1999.784668,1253.440796,98.75593567,-2.516469955,-0.360271037,0.5,-1.355140209,7.355140209,1,0,0.159999996,111115,1.500101929,0.003588353,302.50532,298.5391525,319.9655397,0.46007872,4.105208498,41.56923298,25.76435379,27.37223625,3.658159236,0.135280452,1.560825632,2.097333603,0.084727646,14.32389149,0.593865684,37.11932378,243.1161075,0.011765511,0,1749.703816,388.7548828,0.162452426,#DIV/0!
20150710,28,28,14:30:51,5761.000025,0,3.57782125,0.153283144,103.4265642,28,28,0,0,543.739502,816.2609863,684.5925293,#DIV/0!,0.333865625,0.161306811,-1,0.87,0.92,9.892219543,0.87494611,0.002618506,0.483148906,1.501198613,-1,1998.130981,0.5,141.0028754,3.997325136,2.541727369,29.50533485,2,4.644859791,1,9.289719582,25.52224922,29.50533485,24.10008049,149.3656158,146.589859,13.57170296,16.19333649,40.86114502,48.7542572,300.0110474,1998.130981,1285.024658,98.7540741,-2.257909775,-0.36129719,0.75,-1.355140209,7.355140209,1,0,0.159999996,111115,1.500055237,0.003997325,302.6553349,298.6722492,319.7009499,0.385995076,4.14088532,41.93128596,25.73794947,27.51379204,3.688598518,0.150794982,1.599157951,2.089440567,0.094467295,10.21379458,0.705550608,37.80766073,146.0699231,0.009260568,0,1748.256929,272.5214844,0.161306811,#DIV/0!
20150710,28,29,14:32:22,5852.500025,0,0.256915878,0.16970801,69.87985806,29,29,0,0,530.9831543,764.9449463,656.2164917,#DIV/0!,0.305854419,0.142138928,-1,0.87,0.92,9.869835854,0.874934918,0.000717569,0.464727397,1.44061999,-1,2002.012085,0.5,124.487425,4.349123143,2.501757278,29.47265816,2,4.644859791,1,9.289719582,25.56129074,29.47265816,24.09451485,75.75406647,75.36426544,13.66783333,16.51943588,41.05459213,49.62005997,299.9911804,2002.012085,1314.289185,98.75239563,-2.073179245,-0.365603983,0.75,-1.355140209,7.355140209,1,0,0.159999996,111115,1.499955902,0.004349123,302.6226582,298.7112907,320.3219264,0.329936702,4.133091146,41.85307222,25.33363634,27.51697445,3.689285377,0.166663343,1.631333868,2.057951509,0.104433921,6.900803389,0.927228012,38.76890591,75.32692993,0.001322282,0,1751.630279,233.961792,0.142138928,#DIV/0!
20150710,29,30,14:46:02,6671.500025,0,12.77342378,0.134302212,222.8937981,30,30,0,0,550.2458496,951.3632813,776.541748,#DIV/0!,0.421623831,0.183758966,-1,0.87,0.92,10.0527277,0.875026364,0.007868541,0.43583629,1.728978568,-1,2000.444824,0.5,160.8297027,3.501169287,2.535323179,29.51047897,2,4.644859791,1,9.289719582,25.63046837,29.51047897,24.09017181,399.3168945,389.8909607,13.97648621,16.27268219,41.80510712,48.67326355,299.9914551,2000.444824,1182.708374,98.74157715,-2.848783493,-0.348807871,0.5,-1.355140209,7.355140209,1,0,0.159999996,111115,1.499957275,0.003501169,302.660479,298.7804684,320.0711647,0.479464568,4.142113482,41.94903102,25.67634883,27.57047367,3.700848819,0.132388264,1.606790304,2.094058515,0.082912519,22.00888516,0.571682395,37.85473965,388.0347021,0.012461118,0,1750.441961,401.1174316,0.183758966,#DIV/0!
20150710,29,31,14:47:40,6769.500025,0,6.328135341,0.122654788,152.229307,31,31,0,0,525.0166016,834.7457886,699.8095703,#DIV/0!,0.371046121,0.161649475,-1,0.87,0.92,10.0527277,0.875026364,0.004183826,0.435658711,1.589941701,-1,2001.698608,0.5,141.5676841,3.240905391,2.566420437,29.57473373,2,4.644859791,1,9.289719582,25.61162758,29.57473373,24.08992958,248.9319,244.1857452,13.98844147,16.11414337,41.88568878,48.25069427,300.0120544,2001.698608,1594.866211,98.73690796,-2.409147263,-0.341199458,0.75,-1.355140209,7.355140209,1,0,0.159999996,111115,1.500060272,0.003240905,302.7247337,298.7616276,320.2717702,0.522105732,4.157481128,42.10665712,25.99251375,27.59318066,3.705766311,0.121056446,1.591060691,2.11470562,0.075802275,15.03065107,0.623416026,37.24749288,243.2661284,0.009689272,0,1751.539055,309.729187,0.161649475,#DIV/0!
20150710,29,32,14:49:20,6870.500025,0,2.975852934,0.131118482,105.7914698,32,32,0,0,512.079834,779.2324219,665.1931763,#DIV/0!,0.342840699,0.146348179,-1,0.87,0.92,10.0527277,0.875026364,0.002273996,0.426869328,1.521701052,-1,1998.110229,0.5,127.9375139,3.43986548,2.550247717,29.55182076,2,4.644859791,1,9.289719582,25.663908,29.55182076,24.10044098,150.256134,147.9332733,13.96733475,16.22309494,41.69112015,48.42434692,300.0372314,1998.110229,1578.976563,98.7325592,-2.244199753,-0.347894251,0.75,-1.355140209,7.355140209,1,0,0.159999996,111115,1.500186157,0.003439865,302.7018208,298.813908,319.6976296,0.48831188,4.151995398,42.05295023,25.82985529,27.60786438,3.708949296,0.129293585,1.601747682,2.107201615,0.080970489,10.44506255,0.715129649,37.61487107,147.5008166,0.007588861,0,1748.399129,267.1525879,0.146348179,#DIV/0!
20150710,29,33,14:51:25,6995.500025,0,0.084274107,0.163549529,71.73016609,33,33,0,0,507.9560547,735.4653931,651.6851807,#DIV/0!,0.309340644,0.113914554,-1,0.87,0.92,10.0527277,0.875026364,0.000620031,0.368249554,1.447891774,-1,1998.502808,0.5,99.60361943,4.14494433,2.471789049,29.44567871,2,4.644859791,1,9.289719582,25.73071861,29.44567871,24.08912659,75.86425781,75.59916687,14.04388046,16.76091576,41.75454712,49.83269882,299.993988,1998.502808,1564.924805,98.73425293,-2.174016953,-0.354436457,0.5,-1.355140209,7.355140209,1,0,0.159999996,111115,1.49996994,0.004144944,302.5956787,298.8807186,319.7604421,0.37267414,4.126665545,41.79568308,25.03476732,27.58819866,3.704686907,0.160719984,1.654876496,2.049810412,0.100700432,7.082224362,0.948822177,39.36296227,75.58691999,0.000438869,0,1748.742645,227.5093384,0.113914554,#DIV/0!
20150710,30,34,14:57:07,7337.000025,0,14.07582216,0.122843306,190.8618133,34,34,0,0,533.9055176,904.8809204,698.3717041,#DIV/0!,0.409971516,0.228217008,-1,0.87,0.92,10.03002071,0.87501501,0.008616749,0.556665522,1.694833431,-1,1999.50293,0.5,199.6436769,3.603651719,2.843437239,30.94369507,2,4.644859791,1,9.289719582,25.88874817,30.94369507,24.08885193,400.3794556,390.0588989,14.38386154,16.74596977,42.36873627,49.32650375,300.012085,1999.50293,1458.984253,98.73886871,-2.728796005,-0.336553156,0.25,-1.355140209,7.355140209,1,0,0.159999996,111115,1.500060425,0.003603652,304.0936951,299.0387482,319.9204616,0.403628971,4.49691535,45.54351704,28.79754727,28.41622162,3.88789922,0.121240079,1.653478111,2.23442111,0.075917477,18.84547953,0.489315367,35.58830197,388.0133733,0.012910241,0,1749.595077,370.9754028,0.228217008,#DIV/0!
20150710,30,35,14:59:43,7492.500025,0,6.486185562,0.098020887,127.7737873,35,35,0,0,510.8405762,794.619873,638.7665405,#DIV/0!,0.357125849,0.196135709,-1,0.87,0.92,10.03002071,0.87501501,0.004281754,0.549206141,1.555514401,-1,1998.128296,0.5,171.4610773,3.010106313,2.967042819,31.37136841,2,4.644859791,1,9.289719582,25.9282856,31.37136841,24.09166527,248.6289063,243.8160248,14.64467525,16.61785316,43.03399277,48.83225632,300.0322266,1998.128296,1474.234009,98.73400879,-2.397954941,-0.327966273,0.5,-1.355140209,7.355140209,1,0,0.159999996,111115,1.500161133,0.003010106,304.5213684,299.0782856,319.7005202,0.488108275,4.607790079,46.66872272,30.05086956,28.649827,3.94099624,0.096997415,1.64074726,2.300248979,0.060714513,12.61561824,0.524058201,34.19827311,242.8734398,0.009133001,0,1748.392252,283.7792969,0.196135709,#DIV/0!
20150710,30,36,15:02:27,7656.000025,0,3.351991602,0.130017333,99.9716505,36,36,0,0,504.7143555,745.9165649,622.2926636,#DIV/0!,0.323363525,0.165734222,-1,0.87,0.92,10.00741673,0.875003708,0.002482979,0.51253221,1.477898453,-1,2003.111328,0.5,145.243658,3.755765969,2.801120913,30.96611404,2,4.644859791,1,9.289719582,25.94993973,30.96611404,24.08897781,150.1069946,147.5032806,14.77339172,17.23382759,43.35619354,50.57695007,300.0313721,2003.111328,1446.598633,98.73304749,-2.128286362,-0.340489924,0.25,-1.355140209,7.355140209,1,0,0.159999996,111115,1.50015686,0.003755766,304.116114,299.0999397,320.4978053,0.380914372,4.502669231,45.60447941,28.37065182,28.45802689,3.897355191,0.12822275,1.701548318,2.195806873,0.080298541,9.870505716,0.677758827,36.65829259,147.0161627,0.008358148,0,1752.72984,241.2022095,0.165734222,#DIV/0!
20150710,30,37,15:04:53,7802.500025,0,0.268832036,0.161776913,69.60054153,37,37,0,0,502.3510742,729.7645264,617.2305298,#DIV/0!,0.311625797,0.154205901,-1,0.87,0.92,10.03002071,0.87501501,0.000725153,0.494843183,1.45269825,-1,1999.672363,0.5,134.910374,4.411752323,2.653823373,30.59212685,2,4.644859791,1,9.289719582,25.88719177,30.59212685,24.08790779,75.91330719,75.51203156,14.87400341,17.76264572,43.81232071,52.32099915,300.0293884,1999.672363,1436.666504,98.72939301,-2.019239426,-0.348971903,0.75,-1.355140209,7.355140209,1,0,0.159999996,111115,1.500146942,0.004411752,303.7421268,299.0371918,319.947571,0.278606525,4.407518603,44.64241569,26.87976997,28.23965931,3.848182819,0.159007852,1.75369523,2.094487588,0.099625035,6.871619218,0.921714594,38.91326799,75.47296436,0.001386077,0,1749.743334,227.4134521,0.154205901,#DIV/0!
